{
  "code": 20000,
  "success": true,
  "content": {
    "dataPerms": [
      { "code": "roleMan:create" },
      { "code": "roleMan:update" },
      { "code": "roleMan:delete" },
      { "code": "roleMan:bindUser" },
      { "code": "roleMan:permissions" },
      { "code": "areaMan:status" },
      { "code": "userMan:create" },
      { "code": "userMan:update" },
      { "code": "userMan:delete" },
      { "code": "userMan:status" },
      { "code": "imgMan:create" },
      { "code": "imgMan:update" },
      { "code": "imgMan:delete" },
      { "code": "imgMan:upload" },
      { "code": "imgMan:updateFile" },
      { "code": "fileMan:create" },
      { "code": "fileMan:update" },
      { "code": "fileMan:delete" },
      { "code": "fileMan:upload" },
      { "code": "fileMan:updateFile" },
      { "code": "fileMan:deleteFile" },
      { "code": "carousel:create" },
      { "code": "carousel:update" },
      { "code": "carousel:delete" },
      { "code": "carousel:status" },
      { "code": "carousel:create" },
      { "code": "carousel:update" },
      { "code": "carousel:status" },
      { "code": "articleMan:delete" },
      { "code": "tagTypeMan:bind" },
      { "code": "user:userTransfer" },
      { "code": "techSquare:status" },
      { "code": "notices:set" }
    ],
    "mod": [
      {
        "id": 1,
        "pid": -1,
        "type": 1,
        "code": "-1",
        "name": "平台端",
        "component": -1,
        "icon": null,
        "alias": null,
        "redirect": null,
        "sort": 1,
        "desc": null,
        "status": 1,
        "create_user": null,
        "create_time": null,
        "update_user": null,
        "update_time": null,
        "delete_user": null,
        "delete_time": null,
        "flag": 1
      },
      {
        "id": 4,
        "pid": 1,
        "type": 1,
        "code": "opsCenter",
        "name": "运维中心",
        "component": 2,
        "icon": "el-icon-s-check",
        "alias": null,
        "redirect": null,
        "sort": 1,
        "desc": null,
        "status": 1,
        "create_user": null,
        "create_time": null,
        "update_user": 1,
        "update_time": "2019-04-11T14:12:38.000Z",
        "delete_user": null,
        "delete_time": null,
        "flag": 1
      },
      {
        "id": 13,
        "pid": 1,
        "type": 1,
        "code": "bbsConfig",
        "name": "论坛配置",
        "component": 2,
        "icon": "el-icon-collection-tag",
        "alias": null,
        "redirect": null,
        "sort": 3,
        "desc": null,
        "status": 1,
        "create_user": null,
        "create_time": null,
        "update_user": 1,
        "update_time": "2019-04-11T14:12:26.000Z",
        "delete_user": null,
        "delete_time": null,
        "flag": 1
      },
      {
        "id": 7,
        "pid": 4,
        "type": 1,
        "code": "articleMan",
        "name": "文章管理",
        "component": 1,
        "icon": null,
        "alias": null,
        "redirect": null,
        "sort": 3,
        "desc": null,
        "status": 1,
        "create_user": null,
        "create_time": null,
        "update_user": 1,
        "update_time": "2019-04-11T01:50:27.000Z",
        "delete_user": null,
        "delete_time": null,
        "flag": 1
      },
      {
        "id": 10,
        "pid": 1,
        "type": 1,
        "code": "library",
        "name": "文件库",
        "component": 2,
        "icon": "el-icon-folder",
        "alias": null,
        "redirect": null,
        "sort": 3,
        "desc": null,
        "status": 1,
        "create_user": null,
        "create_time": null,
        "update_user": 1,
        "update_time": "2019-04-24T15:13:46.000Z",
        "delete_user": null,
        "delete_time": null,
        "flag": 1
      },
      {
        "id": 11,
        "pid": 10,
        "type": 1,
        "code": "imgMan",
        "name": "图片管理",
        "component": 1,
        "icon": null,
        "alias": null,
        "redirect": null,
        "sort": 1,
        "desc": null,
        "status": 1,
        "create_user": null,
        "create_time": null,
        "update_user": null,
        "update_time": null,
        "delete_user": null,
        "delete_time": null,
        "flag": 1
      },
      {
        "id": 12,
        "pid": 10,
        "type": 1,
        "code": "fileMan",
        "name": "文件管理",
        "component": 1,
        "icon": null,
        "alias": null,
        "redirect": null,
        "sort": 2,
        "desc": null,
        "status": 1,
        "create_user": null,
        "create_time": null,
        "update_user": null,
        "update_time": null,
        "delete_user": null,
        "delete_time": null,
        "flag": 1
      },
      {
        "id": 14,
        "pid": 13,
        "type": 1,
        "code": "carousel",
        "name": "轮播",
        "component": 1,
        "icon": null,
        "alias": null,
        "redirect": null,
        "sort": 1,
        "desc": null,
        "status": 1,
        "create_user": null,
        "create_time": null,
        "update_user": 1,
        "update_time": "2019-04-29T14:02:23.000Z",
        "delete_user": null,
        "delete_time": null,
        "flag": 1
      },
      {
        "id": 20,
        "pid": 13,
        "type": 1,
        "code": "tagTypeMan",
        "name": "标签类型管理",
        "component": 1,
        "icon": null,
        "alias": null,
        "redirect": null,
        "sort": 7,
        "desc": null,
        "status": 1,
        "create_user": null,
        "create_time": null,
        "update_user": null,
        "update_time": null,
        "delete_user": null,
        "delete_time": null,
        "flag": 1
      },
      {
        "id": 21,
        "pid": 13,
        "type": 1,
        "code": "tagMan",
        "name": "标签管理",
        "component": 1,
        "icon": null,
        "alias": null,
        "redirect": null,
        "sort": 8,
        "desc": null,
        "status": 1,
        "create_user": null,
        "create_time": null,
        "update_user": null,
        "update_time": null,
        "delete_user": null,
        "delete_time": null,
        "flag": 1
      },
      {
        "id": 22,
        "pid": 1,
        "type": 1,
        "code": "sysMan",
        "name": "系统管理",
        "component": 2,
        "icon": "el-icon-setting",
        "alias": null,
        "redirect": null,
        "sort": 4,
        "desc": null,
        "status": 1,
        "create_user": null,
        "create_time": null,
        "update_user": 1,
        "update_time": "2019-04-11T14:12:17.000Z",
        "delete_user": null,
        "delete_time": null,
        "flag": 1
      },
      {
        "id": 23,
        "pid": 22,
        "type": 1,
        "code": "userMan",
        "name": "用户管理",
        "component": 1,
        "icon": null,
        "alias": null,
        "redirect": null,
        "sort": 1,
        "desc": null,
        "status": 1,
        "create_user": null,
        "create_time": null,
        "update_user": null,
        "update_time": null,
        "delete_user": null,
        "delete_time": null,
        "flag": 1
      },
      {
        "id": 24,
        "pid": 22,
        "type": 1,
        "code": "roleMan",
        "name": "角色管理",
        "component": 1,
        "icon": null,
        "alias": null,
        "redirect": null,
        "sort": 2,
        "desc": null,
        "status": 1,
        "create_user": null,
        "create_time": null,
        "update_user": null,
        "update_time": null,
        "delete_user": null,
        "delete_time": null,
        "flag": 1
      },
      {
        "id": 25,
        "pid": 22,
        "type": 1,
        "code": "menuMan",
        "name": "菜单管理",
        "component": 1,
        "icon": null,
        "alias": null,
        "redirect": null,
        "sort": 3,
        "desc": null,
        "status": 1,
        "create_user": null,
        "create_time": null,
        "update_user": null,
        "update_time": null,
        "delete_user": null,
        "delete_time": null,
        "flag": 1
      },
      {
        "id": 26,
        "pid": 22,
        "type": 1,
        "code": "areaMan",
        "name": "区域管理",
        "component": 1,
        "icon": null,
        "alias": null,
        "redirect": null,
        "sort": 4,
        "desc": null,
        "status": 1,
        "create_user": null,
        "create_time": null,
        "update_user": null,
        "update_time": null,
        "delete_user": null,
        "delete_time": null,
        "flag": 1
      },
      {
        "id": 27,
        "pid": 22,
        "type": 1,
        "code": "chartConfig",
        "name": "图表配置",
        "component": 1,
        "icon": null,
        "alias": null,
        "redirect": null,
        "sort": 5,
        "desc": null,
        "status": 1,
        "create_user": null,
        "create_time": null,
        "update_user": 1,
        "update_time": "2019-04-11T14:15:42.000Z",
        "delete_user": null,
        "delete_time": null,
        "flag": 1
      },
      {
        "id": 28,
        "pid": 22,
        "type": 1,
        "code": "log",
        "name": "系统日志",
        "component": 1,
        "icon": null,
        "alias": null,
        "redirect": null,
        "sort": 7,
        "desc": null,
        "status": 1,
        "create_user": null,
        "create_time": null,
        "update_user": 1,
        "update_time": "2019-06-19T03:36:56.000Z",
        "delete_user": null,
        "delete_time": null,
        "flag": 1
      },
      {
        "id": 6,
        "pid": 4,
        "type": 1,
        "code": "columnMan",
        "name": "专栏管理",
        "component": 1,
        "icon": null,
        "alias": null,
        "redirect": null,
        "sort": 2,
        "desc": null,
        "status": 1,
        "create_user": null,
        "create_time": null,
        "update_user": null,
        "update_time": null,
        "delete_user": null,
        "delete_time": null,
        "flag": 1
      },
      {
        "id": 8,
        "pid": 4,
        "type": 1,
        "code": "liveMan",
        "name": "讲堂管理",
        "component": 1,
        "icon": null,
        "alias": null,
        "redirect": null,
        "sort": 4,
        "desc": null,
        "status": 1,
        "create_user": null,
        "create_time": null,
        "update_user": null,
        "update_time": null,
        "delete_user": null,
        "delete_time": null,
        "flag": 1
      },
      {
        "id": 5,
        "pid": 4,
        "type": 1,
        "code": "questionMan",
        "name": "问答管理",
        "component": 1,
        "icon": null,
        "alias": null,
        "redirect": null,
        "sort": 1,
        "desc": null,
        "status": 1,
        "create_user": null,
        "create_time": null,
        "update_user": 1,
        "update_time": "2019-05-03T13:04:28.000Z",
        "delete_user": null,
        "delete_time": null,
        "flag": 1
      },
      {
        "id": 9,
        "pid": 4,
        "type": 1,
        "code": "activityMan",
        "name": "活动管理",
        "component": 1,
        "icon": null,
        "alias": null,
        "redirect": null,
        "sort": 5,
        "desc": null,
        "status": 1,
        "create_user": null,
        "create_time": null,
        "update_user": null,
        "update_time": null,
        "delete_user": null,
        "delete_time": null,
        "flag": 1
      },
      {
        "id": 17,
        "pid": 4,
        "type": 1,
        "code": "advertisingMan",
        "name": "广告位管理",
        "component": 1,
        "icon": null,
        "alias": null,
        "redirect": null,
        "sort": 4,
        "desc": null,
        "status": 1,
        "create_user": null,
        "create_time": null,
        "update_user": 1,
        "update_time": "2019-04-19T05:41:03.000Z",
        "delete_user": null,
        "delete_time": null,
        "flag": 1
      },
      {
        "id": 15,
        "pid": 13,
        "type": 1,
        "code": "techSquare",
        "name": "技术频道",
        "component": 1,
        "icon": null,
        "alias": null,
        "redirect": null,
        "sort": 2,
        "desc": null,
        "status": 1,
        "create_user": null,
        "create_time": null,
        "update_user": null,
        "update_time": null,
        "delete_user": null,
        "delete_time": null,
        "flag": 1
      },
      {
        "id": 16,
        "pid": 13,
        "type": 1,
        "code": "notices",
        "name": "通知",
        "component": 1,
        "icon": null,
        "alias": null,
        "redirect": null,
        "sort": 3,
        "desc": null,
        "status": 1,
        "create_user": null,
        "create_time": null,
        "update_user": null,
        "update_time": null,
        "delete_user": null,
        "delete_time": null,
        "flag": 1
      },
      {
        "id": 46,
        "pid": 22,
        "type": 1,
        "code": "topicMan",
        "name": "订阅主题管理",
        "component": 1,
        "icon": null,
        "alias": null,
        "redirect": null,
        "sort": 6,
        "desc": null,
        "status": 1,
        "create_user": 1,
        "create_time": "2019-06-19T03:36:50.000Z",
        "update_user": 1,
        "update_time": "2019-07-02T08:22:36.000Z",
        "delete_user": null,
        "delete_time": null,
        "flag": 1
      },
      {
        "id": 29,
        "pid": 1,
        "type": 1,
        "code": "workflow",
        "name": "工作流",
        "component": 2,
        "icon": "el-icon-shopping-bag-1",
        "alias": null,
        "redirect": null,
        "sort": 2,
        "desc": null,
        "status": 1,
        "create_user": 1,
        "create_time": "2019-04-24T15:06:52.000Z",
        "update_user": 1,
        "update_time": "2019-04-27T14:41:34.000Z",
        "delete_user": null,
        "delete_time": null,
        "flag": 1
      },
      {
        "id": 30,
        "pid": 29,
        "type": 1,
        "code": "processDesign",
        "name": "流程设计",
        "component": 1,
        "icon": null,
        "alias": null,
        "redirect": null,
        "sort": 1,
        "desc": null,
        "status": 1,
        "create_user": 1,
        "create_time": "2019-04-24T15:07:47.000Z",
        "update_user": null,
        "update_time": null,
        "delete_user": null,
        "delete_time": null,
        "flag": 1
      },
      {
        "id": 31,
        "pid": 29,
        "type": 1,
        "code": "businessMan",
        "name": "业务管理",
        "component": 1,
        "icon": null,
        "alias": null,
        "redirect": null,
        "sort": 2,
        "desc": null,
        "status": 1,
        "create_user": 1,
        "create_time": "2019-04-24T15:08:15.000Z",
        "update_user": null,
        "update_time": null,
        "delete_user": null,
        "delete_time": null,
        "flag": 1
      },
      {
        "id": 32,
        "pid": 29,
        "type": 1,
        "code": "finishedItems",
        "name": "已办事项",
        "component": 1,
        "icon": null,
        "alias": null,
        "redirect": null,
        "sort": 3,
        "desc": null,
        "status": 1,
        "create_user": 1,
        "create_time": "2019-04-24T15:08:49.000Z",
        "update_user": null,
        "update_time": null,
        "delete_user": null,
        "delete_time": null,
        "flag": 1
      },
      {
        "id": 33,
        "pid": 29,
        "type": 1,
        "code": "unfinishedItems",
        "name": "未办事项",
        "component": 1,
        "icon": null,
        "alias": null,
        "redirect": null,
        "sort": 4,
        "desc": null,
        "status": 1,
        "create_user": 1,
        "create_time": "2019-04-24T15:09:12.000Z",
        "update_user": null,
        "update_time": null,
        "delete_user": null,
        "delete_time": null,
        "flag": 1
      }
    ]
  },

  "message": "操作成功"
}
